{
    "rmse": 0.6355340486530444,
    "mae": 0.5092060217882136,
    "r2": 0.2724998669431524
}